Workbook

Sheet Attendance
A1: PROJECT ATI - MEETING ATTENDANCE REGISTER
A2: Chiltern Vale Borough Council - Customer & Digital Services | 4 March to 3 April 2026
A3: SAMPLE DATA FOR TRAINING USE. The meetings on 11 and 25 March are invented and every Y/N mark is fictitious, with one exception: the 01/04/2026 column reproduces the attendance and apologies recorded in Meeting Notes.docx. Not a record of any real meeting.
A4: HOW TO USE: enter Y or N in the 03/04/2026 column (pink header) to complete the register. Example - Daniel Osei attended, so his cell reads Y. Counts and percentages update automatically.
A5: MEETING TYPE > | D5: Board | E5: Team | F5: Board | G5: Team | H5: Board | I5: Team
A6: Name | B6: Role | C6: Organisation | D6: 04/03/2026 | E6: 11/03/2026 | F6: 18/03/2026 | G6: 25/03/2026 | H6: 01/04/2026 | I6: 03/04/2026 | J6: Attended | K6: Meetings held | L6: Attendance %
A7: Margaret Ellison | B7: Director of Customer & Digital Services (SRO) | C7: Chiltern Vale Borough Council | D7: Y | E7: Y | F7: Y | G7: N | H7: Y | J7: =COUNTIF(D7:I7,"Y") -> 4 | K7: =COUNTIF(D7:I7,"Y")+COUNTIF(D7:I7,"N") -> 5 | L7: =IFERROR(J7/K7,"") -> 0.8
A8: Daniel Osei | B8: Project Manager | C8: Chiltern Vale Borough Council | D8: Y | E8: Y | F8: Y | G8: Y | H8: Y | J8: =COUNTIF(D8:I8,"Y") -> 5 | K8: =COUNTIF(D8:I8,"Y")+COUNTIF(D8:I8,"N") -> 5 | L8: =IFERROR(J8/K8,"") -> 1
A9: Priya Chandaria | B9: Customer Services Manager | C9: Chiltern Vale Borough Council | D9: Y | E9: Y | F9: Y | G9: Y | H9: Y | J9: =COUNTIF(D9:I9,"Y") -> 5 | K9: =COUNTIF(D9:I9,"Y")+COUNTIF(D9:I9,"N") -> 5 | L9: =IFERROR(J9/K9,"") -> 1
A10: Robert Fairweather | B10: Head of IT Infrastructure | C10: Chiltern Vale Borough Council | D10: Y | E10: N | F10: Y | G10: Y | H10: Y | J10: =COUNTIF(D10:I10,"Y") -> 4 | K10: =COUNTIF(D10:I10,"Y")+COUNTIF(D10:I10,"N") -> 5 | L10: =IFERROR(J10/K10,"") -> 0.8
A11: Aisha Bello | B11: Data Migration Lead | C11: Chiltern Vale Borough Council | D11: Y | E11: Y | F11: Y | G11: Y | H11: Y | J11: =COUNTIF(D11:I11,"Y") -> 5 | K11: =COUNTIF(D11:I11,"Y")+COUNTIF(D11:I11,"N") -> 5 | L11: =IFERROR(J11/K11,"") -> 1
A12: Tom Radcliffe | B12: Finance & Procurement Business Partner | C12: Chiltern Vale Borough Council | D12: N | E12: Y | F12: Y | G12: N | H12: Y | J12: =COUNTIF(D12:I12,"Y") -> 3 | K12: =COUNTIF(D12:I12,"Y")+COUNTIF(D12:I12,"N") -> 5 | L12: =IFERROR(J12/K12,"") -> 0.6
A13: Chloe Sutton | B13: Training & Communications Officer | C13: Chiltern Vale Borough Council | D13: Y | E13: N | F13: N | G13: N | H13: N | J13: =COUNTIF(D13:I13,"Y") -> 1 | K13: =COUNTIF(D13:I13,"Y")+COUNTIF(D13:I13,"N") -> 5 | L13: =IFERROR(J13/K13,"") -> 0.2
A14: Liam Kowalski | B14: Service Desk Analyst | C14: Chiltern Vale Borough Council | D14: Y | E14: Y | F14: N | G14: Y | H14: N | J14: =COUNTIF(D14:I14,"Y") -> 3 | K14: =COUNTIF(D14:I14,"Y")+COUNTIF(D14:I14,"N") -> 5 | L14: =IFERROR(J14/K14,"") -> 0.6
A15: Nadia Hussain | B15: Test Coordinator | C15: Chiltern Vale Borough Council | D15: N | E15: Y | F15: Y | G15: Y | H15: N | J15: =COUNTIF(D15:I15,"Y") -> 3 | K15: =COUNTIF(D15:I15,"Y")+COUNTIF(D15:I15,"N") -> 5 | L15: =IFERROR(J15/K15,"") -> 0.6
A16: Cllr Graham Pettifer | B16: Portfolio Holder, Customer Services | C16: Chiltern Vale BC (Elected Member) | D16: N | E16: N | F16: Y | G16: N | H16: Y | J16: =COUNTIF(D16:I16,"Y") -> 2 | K16: =COUNTIF(D16:I16,"Y")+COUNTIF(D16:I16,"N") -> 5 | L16: =IFERROR(J16/K16,"") -> 0.4
A17: Craig Whitmore | B17: Account Manager | C17: Northbridge Digital Solutions (supplier) | D17: Y | E17: N | F17: Y | G17: N | H17: Y | J17: =COUNTIF(D17:I17,"Y") -> 3 | K17: =COUNTIF(D17:I17,"Y")+COUNTIF(D17:I17,"N") -> 5 | L17: =IFERROR(J17/K17,"") -> 0.6
A19: Invited | D19: =COUNTA($A$7:$A$17) -> 11 | E19: =COUNTA($A$7:$A$17) -> 11 | F19: =COUNTA($A$7:$A$17) -> 11 | G19: =COUNTA($A$7:$A$17) -> 11 | H19: =COUNTA($A$7:$A$17) -> 11 | I19: =COUNTA($A$7:$A$17) -> 11
A20: Attended | D20: =COUNTIF(D7:D17,"Y") -> 8 | E20: =COUNTIF(E7:E17,"Y") -> 7 | F20: =COUNTIF(F7:F17,"Y") -> 9 | G20: =COUNTIF(G7:G17,"Y") -> 6 | H20: =COUNTIF(H7:H17,"Y") -> 8 | I20: =COUNTIF(I7:I17,"Y") -> 0
A21: Not attended | D21: =COUNTIF(D7:D17,"N") -> 3 | E21: =COUNTIF(E7:E17,"N") -> 4 | F21: =COUNTIF(F7:F17,"N") -> 2 | G21: =COUNTIF(G7:G17,"N") -> 5 | H21: =COUNTIF(H7:H17,"N") -> 3 | I21: =COUNTIF(I7:I17,"N") -> 0
A22: Not recorded | D22: =COUNTA($A$7:$A$17)-COUNTIF(D7:D17,"Y")-COUNTIF(D7:D17,"N") -> 0 | E22: =COUNTA($A$7:$A$17)-COUNTIF(E7:E17,"Y")-COUNTIF(E7:E17,"N") -> 0 | F22: =COUNTA($A$7:$A$17)-COUNTIF(F7:F17,"Y")-COUNTIF(F7:F17,"N") -> 0 | G22: =COUNTA($A$7:$A$17)-COUNTIF(G7:G17,"Y")-COUNTIF(G7:G17,"N") -> 0 | H22: =COUNTA($A$7:$A$17)-COUNTIF(H7:H17,"Y")-COUNTIF(H7:H17,"N") -> 0 | I22: =COUNTA($A$7:$A$17)-COUNTIF(I7:I17,"Y")-COUNTIF(I7:I17,"N") -> 11
A23: Attendance % | D23: =IFERROR(COUNTIF(D7:D17,"Y")/(COUNTIF(D7:D17,"Y")+COUNTIF(D7:D17,"N")),"") -> 0.72727273 | E23: =IFERROR(COUNTIF(E7:E17,"Y")/(COUNTIF(E7:E17,"Y")+COUNTIF(E7:E17,"N")),"") -> 0.63636364 | F23: =IFERROR(COUNTIF(F7:F17,"Y")/(COUNTIF(F7:F17,"Y")+COUNTIF(F7:F17,"N")),"") -> 0.81818182 | G23: =IFERROR(COUNTIF(G7:G17,"Y")/(COUNTIF(G7:G17,"Y")+COUNTIF(G7:G17,"N")),"") -> 0.54545455 | H23: =IFERROR(COUNTIF(H7:H17,"Y")/(COUNTIF(H7:H17,"Y")+COUNTIF(H7:H17,"N")),"") -> 0.72727273 | I23: =IFERROR(COUNTIF(I7:I17,"Y")/(COUNTIF(I7:I17,"Y")+COUNTIF(I7:I17,"N")),"")

Sheet Meetings
A1: PROJECT ATI - MEETING SCHEDULE
A2: Project Board meets fortnightly on Wednesdays (Project Overview v1.5, s.7 Governance). The 18 March and 1 April Boards are documented; 4 March follows the same fortnightly cadence. Alternate Wednesdays are invented project team meetings.
A4: Date | B4: Day | C4: Meeting | D4: Time | E4: Location | F4: Status | G4: Invited
A5: 04/03/2026 | B5: Wed 4 Mar | C5: Project Board | D5: 10:00-11:15 | E5: Committee Room 2 / MS Teams | F5: Held | G5: =COUNTA(Attendance!$A$7:$A$17) -> 11
A6: 11/03/2026 | B6: Wed 11 Mar | C6: Project Team Meeting | D6: 14:00-15:00 | E6: MS Teams | F6: Held | G6: =COUNTA(Attendance!$A$7:$A$17) -> 11
A7: 18/03/2026 | B7: Wed 18 Mar | C7: Project Board | D7: 10:00-11:15 | E7: Committee Room 2 / MS Teams | F7: Held | G7: =COUNTA(Attendance!$A$7:$A$17) -> 11
A8: 25/03/2026 | B8: Wed 25 Mar | C8: Project Team Meeting | D8: 14:00-15:00 | E8: MS Teams | F8: Held | G8: =COUNTA(Attendance!$A$7:$A$17) -> 11
A9: 01/04/2026 | B9: Wed 1 Apr | C9: Project Board | D9: 10:00-11:15 | E9: Committee Room 2 / MS Teams | F9: Held | G9: =COUNTA(Attendance!$A$7:$A$17) -> 11
A10: 03/04/2026 | B10: Fri 3 Apr | C10: Project Team Meeting | D10: 14:00-15:00 | E10: MS Teams | F10: Not yet held | G10: =COUNTA(Attendance!$A$7:$A$17) -> 11
